<repast.simphony.data2.engine.DataSetDescriptor simphonyVersion="2.7.0">
  <name>infected Mean</name>
  <type>AGGREGATE</type>
  <inclTick>true</inclTick>
  <inclBatchRun>false</inclBatchRun>
  <inclRandomSeed>false</inclRandomSeed>
  <scheduleParams>
    <start>1.0</start>
    <interval>1.0</interval>
    <priority>-Infinity</priority>
    <pType>LAST</pType>
    <duration>-1.0</duration>
    <frequency>REPEAT</frequency>
    <hashCode>236827440</hashCode>
  </scheduleParams>
  <atEnd>false</atEnd>
  <methodDataSources class="linked-hash-map">
    <entry>
      <string>InfectedMean</string>
      <repast.simphony.data2.engine.MethodDataSourceDefinition>
        <id>InfectedMean</id>
        <className>herdImmunitySim.Infected</className>
        <methodName>infected</methodName>
        <aggType>MEAN</aggType>
      </repast.simphony.data2.engine.MethodDataSourceDefinition>
    </entry>
    <entry>
      <string>InfectedMax</string>
      <repast.simphony.data2.engine.MethodDataSourceDefinition>
        <id>InfectedMax</id>
        <className>herdImmunitySim.Infected</className>
        <methodName>infected</methodName>
        <aggType>MAX</aggType>
      </repast.simphony.data2.engine.MethodDataSourceDefinition>
    </entry>
  </methodDataSources>
  <countSources class="linked-hash-map"/>
  <customNADataSources class="linked-hash-map"/>
  <customAggDataSources class="linked-hash-map"/>
</repast.simphony.data2.engine.DataSetDescriptor>