<repast.simphony.data2.engine.DataSetDescriptor simphonyVersion="2.7.0">
  <name>R0</name>
  <type>AGGREGATE</type>
  <inclTick>true</inclTick>
  <inclBatchRun>false</inclBatchRun>
  <inclRandomSeed>false</inclRandomSeed>
  <scheduleParams>
    <start>1.0</start>
    <interval>1.0</interval>
    <priority>-Infinity</priority>
    <pType>LAST</pType>
    <duration>-1.0</duration>
    <frequency>REPEAT</frequency>
    <hashCode>-1521251661</hashCode>
  </scheduleParams>
  <atEnd>false</atEnd>
  <methodDataSources class="linked-hash-map">
    <entry>
      <string>infected</string>
      <repast.simphony.data2.engine.MethodDataSourceDefinition>
        <id>infected</id>
        <className>herdImmunitySim.Infected</className>
        <methodName>interacted</methodName>
        <aggType>MEAN</aggType>
      </repast.simphony.data2.engine.MethodDataSourceDefinition>
    </entry>
    <entry>
      <string>recovered</string>
      <repast.simphony.data2.engine.MethodDataSourceDefinition>
        <id>recovered</id>
        <className>herdImmunitySim.Recovered</className>
        <methodName>interacted</methodName>
        <aggType>MEAN</aggType>
      </repast.simphony.data2.engine.MethodDataSourceDefinition>
    </entry>
    <entry>
      <string>susceptible</string>
      <repast.simphony.data2.engine.MethodDataSourceDefinition>
        <id>susceptible</id>
        <className>herdImmunitySim.Susceptible</className>
        <methodName>interacted</methodName>
        <aggType>MEAN</aggType>
      </repast.simphony.data2.engine.MethodDataSourceDefinition>
    </entry>
    <entry>
      <string>vaccinated</string>
      <repast.simphony.data2.engine.MethodDataSourceDefinition>
        <id>vaccinated</id>
        <className>herdImmunitySim.Vaccinated</className>
        <methodName>interacted</methodName>
        <aggType>MEAN</aggType>
      </repast.simphony.data2.engine.MethodDataSourceDefinition>
    </entry>
  </methodDataSources>
  <countSources class="linked-hash-map"/>
  <customNADataSources class="linked-hash-map"/>
  <customAggDataSources class="linked-hash-map"/>
</repast.simphony.data2.engine.DataSetDescriptor>