<repast.simphony.chart2.engine.TimeSeriesChartDescriptor simphonyVersion="2.7.0">
  <name>Infected Chart</name>
  <dataSet>infected Mean</dataSet>
  <xAxisLabel>Tick Count</xAxisLabel>
  <yAxisLabel>Number of Agents infected</yAxisLabel>
  <chartTitle>Infected</chartTitle>
  <type>TIME_SERIES</type>
  <background>
    <red>192</red>
    <green>192</green>
    <blue>192</blue>
    <alpha>255</alpha>
  </background>
  <gridLineColor>
    <red>255</red>
    <green>255</green>
    <blue>255</blue>
    <alpha>255</alpha>
  </gridLineColor>
  <showGrid>true</showGrid>
  <showLegend>true</showLegend>
  <seriesIds>
    <entry>
      <string>InfectedMax</string>
      <SeriesData>
        <label>InfectedMax</label>
        <color>
          <red>255</red>
          <green>0</green>
          <blue>0</blue>
          <alpha>255</alpha>
        </color>
      </SeriesData>
    </entry>
    <entry>
      <string>InfectedMean</string>
      <SeriesData>
        <label>InfectedMean</label>
        <color>
          <red>0</red>
          <green>0</green>
          <blue>255</blue>
          <alpha>255</alpha>
        </color>
      </SeriesData>
    </entry>
  </seriesIds>
  <dataValueIds/>
  <plotRangeLength>-1</plotRangeLength>
</repast.simphony.chart2.engine.TimeSeriesChartDescriptor>