<repast.simphony.chart2.engine.TimeSeriesChartDescriptor simphonyVersion="2.7.0">
  <name>R0 chart</name>
  <dataSet>R0</dataSet>
  <xAxisLabel>Tick Count</xAxisLabel>
  <yAxisLabel>Interacted with other agent</yAxisLabel>
  <chartTitle>Mean Interacted</chartTitle>
  <type>TIME_SERIES</type>
  <background>
    <red>192</red>
    <green>192</green>
    <blue>192</blue>
    <alpha>255</alpha>
  </background>
  <gridLineColor>
    <red>255</red>
    <green>255</green>
    <blue>255</blue>
    <alpha>255</alpha>
  </gridLineColor>
  <showGrid>true</showGrid>
  <showLegend>true</showLegend>
  <seriesIds>
    <entry>
      <string>infected</string>
      <SeriesData>
        <label>infected</label>
        <color>
          <red>0</red>
          <green>0</green>
          <blue>255</blue>
          <alpha>255</alpha>
        </color>
      </SeriesData>
    </entry>
    <entry>
      <string>recovered</string>
      <SeriesData>
        <label>recovered</label>
        <color>
          <red>255</red>
          <green>0</green>
          <blue>0</blue>
          <alpha>255</alpha>
        </color>
      </SeriesData>
    </entry>
    <entry>
      <string>vaccinated</string>
      <SeriesData>
        <label>vaccinated</label>
        <color>
          <red>255</red>
          <green>0</green>
          <blue>255</blue>
          <alpha>255</alpha>
        </color>
      </SeriesData>
    </entry>
    <entry>
      <string>susceptible</string>
      <SeriesData>
        <label>susceptible</label>
        <color>
          <red>0</red>
          <green>255</green>
          <blue>0</blue>
          <alpha>255</alpha>
        </color>
      </SeriesData>
    </entry>
  </seriesIds>
  <dataValueIds/>
  <plotRangeLength>-1</plotRangeLength>
</repast.simphony.chart2.engine.TimeSeriesChartDescriptor>