<repast.simphony.data2.engine.DataSetDescriptor simphonyVersion="2.7.0">
  <name>Agent Count</name>
  <type>AGGREGATE</type>
  <inclTick>true</inclTick>
  <inclBatchRun>false</inclBatchRun>
  <inclRandomSeed>false</inclRandomSeed>
  <scheduleParams>
    <start>1.0</start>
    <interval>1.0</interval>
    <priority>-Infinity</priority>
    <pType>LAST</pType>
    <duration>-1.0</duration>
    <frequency>REPEAT</frequency>
    <hashCode>1517895652</hashCode>
  </scheduleParams>
  <atEnd>false</atEnd>
  <methodDataSources class="linked-hash-map"/>
  <countSources class="linked-hash-map">
    <entry>
      <string>Infected</string>
      <repast.simphony.data2.engine.CountSourceDefinition>
        <typeName>herdImmunitySim.Infected</typeName>
        <id>Infected</id>
      </repast.simphony.data2.engine.CountSourceDefinition>
    </entry>
    <entry>
      <string>Recovered</string>
      <repast.simphony.data2.engine.CountSourceDefinition>
        <typeName>herdImmunitySim.Recovered</typeName>
        <id>Recovered</id>
      </repast.simphony.data2.engine.CountSourceDefinition>
    </entry>
    <entry>
      <string>Susceptible</string>
      <repast.simphony.data2.engine.CountSourceDefinition>
        <typeName>herdImmunitySim.Susceptible</typeName>
        <id>Susceptible</id>
      </repast.simphony.data2.engine.CountSourceDefinition>
    </entry>
    <entry>
      <string>Vaccinated</string>
      <repast.simphony.data2.engine.CountSourceDefinition>
        <typeName>herdImmunitySim.Vaccinated</typeName>
        <id>Vaccinated</id>
      </repast.simphony.data2.engine.CountSourceDefinition>
    </entry>
  </countSources>
  <customNADataSources class="linked-hash-map"/>
  <customAggDataSources class="linked-hash-map"/>
</repast.simphony.data2.engine.DataSetDescriptor>