<?xml version="1.0" encoding="UTF-8" ?>
<Scenario simphonyVersion="2.7.0">
<repast.simphony.dataLoader.engine.ClassNameDataLoaderAction context="herdImmunitySim" file="repast.simphony.dataLoader.engine.ClassNameDataLoaderAction_0.xml" />
<repast.simphony.action.data_set context="herdImmunitySim" file="repast.simphony.action.data_set_1.xml" />
<repast.simphony.action.data_set context="herdImmunitySim" file="repast.simphony.action.data_set_2.xml" />
<repast.simphony.action.data_set context="herdImmunitySim" file="repast.simphony.action.data_set_3.xml" />
<repast.simphony.action.data_set context="herdImmunitySim" file="repast.simphony.action.data_set_4.xml" />
<repast.simphony.action.time_series_chart context="herdImmunitySim" file="repast.simphony.action.time_series_chart_5.xml" />
<repast.simphony.action.time_series_chart context="herdImmunitySim" file="repast.simphony.action.time_series_chart_6.xml" />
<repast.simphony.action.time_series_chart context="herdImmunitySim" file="repast.simphony.action.time_series_chart_7.xml" />
<repast.simphony.action.time_series_chart context="herdImmunitySim" file="repast.simphony.action.time_series_chart_8.xml" />
<repast.simphony.action.display context="herdImmunitySim" file="repast.simphony.action.display_9.xml" />
</Scenario>